cimbru-rosu-ulei-esential	CIMBRU ROSU - ULEI ESENȚIAL	64.82	uleiuri-esentiale	Cimbru Rosu - Ulei Esențial — Uleiuri Esentiale | olivox.ro
origan-ulei-esential	ORIGAN - ULEI ESENȚIAL	64.82	uleiuri-esentiale	Origan - Ulei Esențial — Uleiuri Esentiale | olivox.ro
rozmarin-ulei-esential	ROZMARIN - ULEI ESENȚIAL	64.82	uleiuri-esentiale	Rozmarin - Ulei Esențial — Uleiuri Esentiale | olivox.ro
lamaie-ulei-esential	LĂMÂIE- ULEI ESENȚIAL	64.82	uleiuri-esentiale	Lămâie- Ulei Esențial — Uleiuri Esentiale | olivox.ro
arbor-de-ceai-ulei-esential	ARBOR DE CEAI - ULEI ESENȚIAL	54.01	uleiuri-esentiale	Arbor De Ceai - Ulei Esențial | olivox.ro
portocala-amara-ulei-esential	PORTOCALĂ AMARĂ - ULEI ESENȚIAL	54.01	uleiuri-esentiale	Portocală Amară - Ulei Esențial | olivox.ro
monte-bianco-lavender-ulei-esential	MONTE BIANCO LAVENDER - ULEI ESENȚIAL	64.82	uleiuri-esentiale	Monte Bianco Lavender - Ulei Esențial | olivox.ro
eucalipt-ulei-esential	EUCALIPT - ULEI ESENȚIAL	54.01	uleiuri-esentiale	Eucalipt - Ulei Esențial — Uleiuri Esentiale | olivox.ro
menta-ulei-esential	MENTĂ - ULEI ESENȚIAL	54.01	uleiuri-esentiale	Mentă - Ulei Esențial — Uleiuri Esentiale | olivox.ro
sage-ulei-esential	SAGE - ULEI ESENȚIAL	64.82	uleiuri-esentiale	Sage - Ulei Esențial — Uleiuri Esentiale | olivox.ro
isop-ulei-esential	ISOP - ULEI ESENȚIAL	64.82	uleiuri-esentiale	Isop - Ulei Esențial — Uleiuri Esentiale | olivox.ro
mandarin-uleiu-esential	MANDARIN - ULEIU ESENȚIAL	64.82	uleiuri-esentiale	Mandarin - Uleiu Esențial — Uleiuri Esentiale | olivox.ro
mirt-ulei-esential	MIRT - ULEI ESENTIAL	64.82	uleiuri-esentiale	Mirt - Ulei Esential — Uleiuri Esentiale | olivox.ro
ulei-esential-de-ienupar	ULEI ESENȚIAL DE IENUPĂR	64.82	uleiuri-esentiale	Ulei Esențial De Ienupăr — Uleiuri Esentiale | olivox.ro
program-extra-strong	PROGRAM EXTRA STRONG	555.8	programe	Program Extra Strong — Programe | olivox.ro
real-detox	REAL DETOX	540.14	programe	Real Detox — Programe | olivox.ro
program-strong	PROGRAM STRONG	467.62	programe	Program Strong — Programe | olivox.ro
program-basic	PROGRAM BASIC	335.33	programe	Program Basic — Programe | olivox.ro
starting-point	STARTING POINT	512.19	programe	Starting Point — Programe | olivox.ro
detox-zkit-vegan-cacao-cocos	DETOX - ZKIT VEGAN CACAO + COCOS	1114.66	programe	Detox - Zkit Vegan Cacao + Cocos — Programe | olivox.ro
plus-cacao-i-capsuni-vegane	PLUS CACAO ȘI CAPSUNI VEGANE	291.67	controlul-greutatii	Plus Cacao Și Capsuni Vegane | olivox.ro
plus-cappuccino-1000g	PLUS CAPPUCCINO 1000g	291.67	controlul-greutatii	Plus Cappuccino 1000g — Controlul Greutății | olivox.ro
crockis	CROCKIS	192.02	controlul-greutatii	Crockis — Controlul Greutății | olivox.ro
plus-vegan-cacao-30-plicuri	PLUS VEGAN CACAO - 30 PLICURI	132.29	controlul-greutatii	Plus Vegan Cacao - 30 Plicuri | olivox.ro
plus-vegan-cacao	PLUS VEGAN CACAO	165.39	controlul-greutatii	Plus Vegan Cacao — Controlul Greutății | olivox.ro
intelli-g	INTELLI-G	115.21	nevoi-specifice	Intelli-g — Nevoi Specifice | olivox.ro
black-garlic	BLACK GARLIC	92.16	nevoi-specifice	Black Garlic — Nevoi Specifice | olivox.ro
superelease	SUPERELEASE	121.53	nevoi-specifice	Superelease — Nevoi Specifice | olivox.ro
thegrave-peach	THÈ PEACH	143.31	ceaiuri	Thè Peach — Ceaiuri | olivox.ro
mood-up	MOOD UP	110.72	nevoi-specifice	Mood Up — Nevoi Specifice | olivox.ro
night-plicuri	NIGHT PLICURI	311.51	nevoi-specifice	Night Plicuri — Nevoi Specifice | olivox.ro
cystoben	CYSTOBEN	105.67	nevoi-specifice	Cystoben — Nevoi Specifice | olivox.ro
ergovir	ERGOVIR	164.88	nevoi-specifice	Ergovir — Nevoi Specifice | olivox.ro
olimind-1-lt	OLIMIND 1 LT	128.01	nevoi-specifice	Olimind 1 Lt — Nevoi Specifice | olivox.ro
marine-collagen	MARINE COLLAGEN	216.6	nevoi-specifice	Marine Collagen — Nevoi Specifice | olivox.ro
vegan-collagen-alternative	VEGAN COLLAGEN alternative	140.81	nevoi-specifice	Vegan Collagen Alternative — Nevoi Specifice | olivox.ro
venere	VENERE	431.87	suplimente	Venere — Suplimente | olivox.ro
oliprox	OLIPROX	76.81	nevoi-specifice	Oliprox — Nevoi Specifice | olivox.ro
oligravever	OLÌVER	76.81	nevoi-specifice	Olìver — Nevoi Specifice | olivox.ro
olivessel-pro	OLIVESSEL PRO	76.81	nevoi-specifice	Olivessel Pro — Nevoi Specifice | olivox.ro
olivox-6-sticle-de-1-litru	OLIVOX 6 STICLE DE 1 LITRU	578.85	nevoi-specifice	Olivox 6 Sticle De 1 Litru — Nevoi Specifice | olivox.ro
l-z-lactoferina-zinc	L&Z - Lactoferină & Zinc	162.03	nevoi-specifice	L&z - Lactoferină & Zinc — Nevoi Specifice | olivox.ro
vitamina-c	VITAMINA C	132.29	pur	Vitamina C — Pur | olivox.ro
extra-d	EXTRA-D	137.8	nevoi-specifice	Extra-d — Nevoi Specifice | olivox.ro
ecdefense	ECDEFENSE	143.31	suplimente	Ecdefense — Suplimente | olivox.ro
reishi-90-capsule	REISHI 90 CAPSULE	170.9	pur	Reishi 90 Capsule — Pur | olivox.ro
quercetina-max	QUERCETINA MAX	98.12	pur	Quercetina Max — Pur | olivox.ro
agaricus	AGARICUS	259.14	pur	Agaricus — Pur | olivox.ro
maitake	MAITAKE	292.18	pur	Maitake — Pur | olivox.ro
shiitake	SHIITAKE	242.56	pur	Shiitake — Pur | olivox.ro
heri-c	HERI-C	297.69	pur	Heri-c — Pur | olivox.ro
kalosnep-capsule	KALOSNEP CAPSULE	243.07	nevoi-specifice	Kalosnep Capsule — Nevoi Specifice | olivox.ro
cordy-c	CORDY-C	297.69	pur	Cordy-c — Pur | olivox.ro
auri-c	AURI-C	297.69	pur	Auri-c — Pur | olivox.ro
aloe-100-bio	ALOE 100 BIO	160.55	aloe	Aloe 100 Bio — Aloe | olivox.ro
aloe-drink-7-fructe	ALOE DRINK 7 FRUCTE	143.31	aloe	Aloe Drink 7 Fructe — Aloe | olivox.ro
aloe-piersica-drink	ALOE & PIERSICĂ DRINK	153.61	aloe	Aloe & Piersică Drink — Aloe | olivox.ro
aloe-glucozamin	ALOE + GLUCOZAMINĂ	137.8	aloe	Aloe + Glucozamină — Aloe | olivox.ro
thegrave-mix	THÈ MIX	143.31	ceaiuri	Thè Mix — Ceaiuri | olivox.ro
thegrave-mix-plicuri	THÈ MIX - PLICURI	159.89	ceaiuri	Thè Mix - Plicuri — Ceaiuri | olivox.ro
aloe-drink-7-fructe-200ml-6-sticle	ALOE DRINK 7 FRUCTE 200ml 6 STICLE	197.73	aloe	Aloe Drink 7 Fructe 200ml 6 Sticle — Aloe | olivox.ro
vitup	VITUP	85.99	linia-real	Vitup — Linia Real | olivox.ro
realvita	REALVITA	88.18	linia-real	Realvita — Linia Real | olivox.ro
realvita-comprimate	REALVITA COMPRIMATE	77.16	linia-real	Realvita Comprimate — Linia Real | olivox.ro
realvita-kids	REALVITA KIDS	70.33	linia-real	Realvita Kids — Linia Real | olivox.ro
realfibre	REALFIBRE	99.25	linia-real	Realfibre — Linia Real | olivox.ro
realfibre-plicuri	REALFIBRE PLICURI	106.69	linia-real	Realfibre Plicuri — Linia Real | olivox.ro
realfibre-comprimates	REALFIBRE COMPRIMATES	88.18	linia-real	Realfibre Comprimates — Linia Real | olivox.ro
realcomplex	REALCOMPLEX	113.22	linia-real	Realcomplex — Linia Real | olivox.ro
realcomplex-tab	REALCOMPLEX  TAB	88.18	linia-real	Realcomplex Tab — Linia Real | olivox.ro
collagen	COLLAGEN	136.63	nevoi-specifice	Collagen — Nevoi Specifice | olivox.ro
kit-de-picioare	kit de picioare	565.59	nevoi-specifice	Kit De Picioare — Nevoi Specifice | olivox.ro
marine-venere	MARINE VENERE	371.23	nevoi-specifice	Marine Venere — Nevoi Specifice | olivox.ro
xfetta	XFETTA	145.1	nevoi-specifice	Xfetta — Nevoi Specifice | olivox.ro
q10-snep-200	Q10 - SNEP 200	166.41	nevoi-specifice	Q10 - Snep 200 — Nevoi Specifice | olivox.ro
vincigrave	VINCÌ	196.3	nevoi-specifice	Vincì — Nevoi Specifice | olivox.ro
night	NIGHT	273.62	nevoi-specifice	Night — Nevoi Specifice | olivox.ro
redris	REDRIS	148.87	nevoi-specifice	Redris — Nevoi Specifice | olivox.ro
kalogel-plicuri	KALOGEL PLICURI	238.94	nevoi-specifice	Kalogel Plicuri — Nevoi Specifice | olivox.ro
kalogel	KALOGEL	209.51	nevoi-specifice	Kalogel — Nevoi Specifice | olivox.ro
kalosnep	KALOSNEP	253.57	nevoi-specifice	Kalosnep — Nevoi Specifice | olivox.ro
morinda	MORINDA	118.83	nevoi-specifice	Morinda — Nevoi Specifice | olivox.ro
morinda-piugrave	MORINDA PIÙ	135.05	nevoi-specifice	Morinda Più — Nevoi Specifice | olivox.ro
buonanotte	BUONANOTTE	97.21	nevoi-specifice	Buonanotte — Nevoi Specifice | olivox.ro
tatapros	TATAPROS	108.02	nevoi-specifice	Tatapros — Nevoi Specifice | olivox.ro
omega-3	OMEGA 3	115.77	omega-si-perle	Omega 3 — Omega Și Perle | olivox.ro
omega-tris	OMEGA TRIS	118.52	omega-si-perle	Omega Tris — Omega Și Perle | olivox.ro
cuore-di-grano	CUORE DI GRANO	121.28	omega-si-perle	Cuore Di Grano — Omega Și Perle | olivox.ro
snep-krill	SNEP KRILL	220.52	omega-si-perle	Snep Krill — Omega Și Perle | olivox.ro
total-energy-drink	TOTAL ENERGY DRINK	162.03	necesitatile-energetice	Total Energy Drink — Necesitățile Energetice | olivox.ro
total-energy-capsule	TOTAL ENERGY CAPSULE	110.26	necesitatile-energetice	Total Energy Capsule — Necesitățile Energetice | olivox.ro
vegan-lupine-protein-orange-i-raspberry	VEGAN LUPINE PROTEIN ORANGE ȘI RASPBERRY	248.47	proteina	Vegan Lupine Protein Orange Și Raspberry | olivox.ro
cacao-de-protein-de-rice-i-lupine-vegan	CACAO DE PROTEINĂ DE RICE ȘI LUPINE VEGAN	248.47	proteina	Cacao De Proteină De Rice Și Lupine Vegan | olivox.ro
super-cal	SUPER-CAL	97.46	nevoi-specifice	Super-cal — Nevoi Specifice | olivox.ro
moringa-capsule	MORINGA CAPSULE	165.39	pur	Moringa Capsule — Pur | olivox.ro
powder-lipfilizat-moringa	POWDER LIPFILIZAT MORINGA	121.28	pur	Powder Lipfilizat Moringa — Pur | olivox.ro
burner	BURNER	132.29	nevoi-specifice	Burner — Nevoi Specifice | olivox.ro
alkalyne	ALKALYNE	82.67	nevoi-specifice	Alkalyne — Nevoi Specifice | olivox.ro
olivox-40-2-sticle-de-1-litru	OLIVOX 40 2 STICLE DE 1 LITRU	214.1	nevoi-specifice	Olivox 40 2 Sticle De 1 Litru — Nevoi Specifice | olivox.ro
glucosamina	GLUCOSAMINA	112.4	nevoi-specifice	Glucosamina — Nevoi Specifice | olivox.ro
am-pm	AM & PM	143.31	nevoi-specifice	Am & Pm — Nevoi Specifice | olivox.ro
bcaa-amino-acidin	BCAA AMINO ACIDIn	125.05	necesitatile-energetice	Bcaa Amino Acidin — Necesitățile Energetice | olivox.ro
olivox-2x60-capsule	OLIVOX 2X60 CAPSULE	209.51	nevoi-specifice	Olivox 2x60 Capsule — Nevoi Specifice | olivox.ro
olivograve	OLIVÒ	105.47	nevoi-specifice	Olivò — Nevoi Specifice | olivox.ro
maca	MACA	124.24	pur	Maca — Pur | olivox.ro
tribux-blue	TRIBUX BLUE	215.02	necesitatile-energetice	Tribux Blue — Necesitățile Energetice | olivox.ro
kit-sport-for-all	KIT SPORT FOR ALL	414.83	sport	Kit Sport For All — Sport | olivox.ro
protein-bar	PROTEIN BAR	495.47	sport	Protein Bar — Sport | olivox.ro
energy-boost	ENERGY BOOST	187.63	sport	Energy Boost — Sport | olivox.ro
energy-bar	ENERGY BAR	98.12	sport	Energy Bar — Sport | olivox.ro
start	START	194.46	sport	Start — Sport | olivox.ro
powerfect	POWERFECT	167.43	sport	Powerfect — Sport | olivox.ro
athletive	ATHLETIVE	189.06	sport	Athletive — Sport | olivox.ro
hydra	HYDRA	118.83	sport	Hydra — Sport | olivox.ro
upgrate	UPGRATE	162.03	sport	Upgrate — Sport | olivox.ro
revelop	REVELOP	210.63	sport	Revelop — Sport | olivox.ro
creatin	CREATINĂ	102.41	sport	Creatină — Sport | olivox.ro
brain	BRAIN	162.03	sport	Brain — Sport | olivox.ro
protine-gust-de-ierburi-aromatice	PROTINE - GUST DE IERBURI AROMATICE	106.69	alimente	Protine - Gust De Ierburi Aromatice — Alimente | olivox.ro
protine-gust-barbeque	PROTINE - GUST BARBEQUE	106.69	alimente	Protine - Gust Barbeque — Alimente | olivox.ro
protine-aroma-de-branza	PROTINE - AROMĂ DE BRÂNZĂ	106.69	alimente	Protine - Aromă De Brânză — Alimente | olivox.ro
promoie-aparat-2espresso-cafea-cu-ganoderma-compatibile-cu-nespresso	PROMOȚIE APARAT 2ESPRESSO + CAFEA CU GANODERMA (COMPATIBILE CU NESPRESSO)	522.7	cafea	Promoție Aparat 2espresso + Cafea Cu Ganoderma (compatibile
kit-promo-ese-44-pod-cafea-cu-oleuropeina	KIT PROMO: ESE 44 POD CAFEA CU OLEUROPEINA	566.87	cafea	Kit Promo: Ese 44 Pod Cafea Cu Oleuropeina | olivox.ro
snack-plus-batoane-snack-cu-cereale	SNACK PLUS - BATOANE SNACK CU CEREALE	91.49	alimente	Snack Plus - Batoane Snack Cu Cereale — Alimente | olivox.ro
cafea-solubil-special-cu-ganoderma	CAFEA SOLUBILĂ SPECIALĂ CU GANODERMA	137.8	cafea	Cafea Solubilă Specială Cu Ganoderma — Cafea | olivox.ro
soluble-cappuccino-cu-ganoderma	SOLUBLE CAPPUCCINO CU GANODERMA	115.36	cafea	Soluble Cappuccino Cu Ganoderma — Cafea | olivox.ro
mokaccino-solubil-cu-ganoderma	MOKACCINO SOLUBIL CU GANODERMA	113.02	cafea	Mokaccino Solubil Cu Ganoderma — Cafea | olivox.ro
orzo-solubil-cu-extract-de-ganoderma	ORZO SOLUBIL CU EXTRACT DE GANODERMA	104.75	cafea	Orzo Solubil Cu Extract De Ganoderma — Cafea | olivox.ro
ginseng-solubil-cu-extrat-de-ganoderma	GINSENG SOLUBIL CU EXTRAT DE GANODERMA	104.75	cafea	Ginseng Solubil Cu Extrat De Ganoderma — Cafea | olivox.ro
cafea-moka-cu-ganoderma	CAFEA MOKA CU GANODERMA	55.49	cafea	Cafea Moka Cu Ganoderma — Cafea | olivox.ro
cafea-in-pod-de-hartie-de-orez-cu-ganoderma	CAFEA ÎN POD DE HÂRTIE DE OREZ CU GANODERMA	154.38	cafea	Cafea În Pod De Hârtie De Orez Cu Ganoderma | olivox.ro
cafea-in-pod-de-hartie-de-orez-cu-oleuropeina	CAFEA ÎN POD DE HÂRTIE DE OREZ CU OLEUROPEINA	135.05	cafea	Cafea În Pod De Hârtie De Orez Cu Oleuropeina | olivox.ro
capsule-de-cafea-cu-oleuropein-compatibile-cu-nespresso	CAPSULE DE CAFEA CU OLEUROPEINĂ COMPATIBILE CU NESPRESSO	113.42	cafea	Capsule De Cafea Cu Oleuropeină Compatibile Cu Nespresso
capsule-de-cafea-cu-ganoderma-compatibile-cu-nespresso	CAPSULE DE CAFEA CU GANODERMA COMPATIBILE CU NESPRESSO	143.31	cafea	Capsule De Cafea Cu Ganoderma Compatibile Cu Nespresso
capsule-de-cafea-cu-ganoderma-compatibile-cu-lavazza-a-modo-mio	CAPSULE DE CAFEA CU GANODERMA COMPATIBILE CU LAVAZZA A MODO MIO	131.84	cafea	Capsule De Cafea Cu Ganoderma Compatibile Cu Lavazza A Modo
capsule-de-cafea-cu-ganoderma-compatibile-cu-lavazza-point	CAPSULE DE CAFEA CU GANODERMA COMPATIBILE CU LAVAZZA POINT	151.62	cafea	Capsule De Cafea Cu Ganoderma Compatibile Cu Lavazza Point
snep-choco-moon	SNEP CHOCO MOON	361.28	choco	Snep Choco Moon — Choco | olivox.ro
choco-block	CHOCO BLOCK	416.11	choco	Choco Block — Choco | olivox.ro
choco-cup	CHOCO CUP	121.28	choco	Choco Cup — Choco | olivox.ro
kit-de-servicii-de-cafea-100pz	KIT DE SERVICII DE CAFEA 100PZ	26.3	cafea	Kit De Servicii De Cafea 100pz | olivox.ro
kit-anti-caderea-parului	kit anti-caderea parului	379.19	par	Kit Anti-caderea Parului — Păr | olivox.ro
30-special-gift-box	3.0 - SPECIAL GIFT BOX	312.78	fata	3.0 - Special Gift Box — Față | olivox.ro
epsom-cream	EPSOM CREAM	161.77	corp	Epsom Cream — Corp | olivox.ro
herpax	HERPAX	75.48	fata	Herpax — Față | olivox.ro
liplift-30	LIPLIFT 3.0	123.57	fata	Liplift 3.0 — Față | olivox.ro
cream-30	CREAM 3.0	103.89	fata	Cream 3.0 — Față | olivox.ro
aloe-box	Aloe Box	231.23	corp	Aloe Box — Corp | olivox.ro
trico-salus-solution-sampon-spalare-frecventa	TRICO SALUS SOLUTION- ȘAMPON SPĂLARE FRECVENTĂ	76.7	par	Trico Salus Solution- Șampon Spălare Frecventă | olivox.ro
trico-salus-solution-sampon-anti-caderea-parului	TRICO-SALUS SOLUTION - ȘAMPON ANTI-CĂDEREA PĂRULUI	76.7	par	Trico-salus Solution - Șampon Anti-căderea Părului
trico-salus-solution-sampon-pentru-par-gras	TRICO-SALUS SOLUTION - ȘAMPON PENTRU PĂR GRAS	76.7	par	Trico-salus Solution - Șampon Pentru Păr Gras | olivox.ro
trico-salus-solution-sampon-pentru-par-cu-matreata	TRICO-SALUS SOLUTION- ȘAMPON PENTRU PĂR CU MĂTREAȚĂ	76.7	par	Trico-salus Solution- Șampon Pentru Păr Cu Mătreață
trico-salus-solution-scrub-purificator-efect-detox	TRICO-SALUS SOLUTION - SCRUB PURIFICATOR EFECT DETOX	93.74	par	Trico-salus Solution - Scrub Purificator Efect Detox
trico-salus-solution-loiune-redensifant	TRICO-SALUS SOLUTION - LOȚIUNE REDENSIFANTĂ	208.74	par	Trico-salus Solution - Loțiune Redensifantă | olivox.ro
sneplumina-sampon-hidratant-efect-de-matase	SNEPLUMINA - ȘAMPON HIDRATANT EFECT DE MĂTASE	80.89	par	Sneplumina - Șampon Hidratant Efect De Mătase | olivox.ro
sneplumina-masc-hidratant-efect-de-mtase	SNEPLUMINA - MASCĂ HIDRATANTĂ EFECT DE MĂTASE	91.7	par	Sneplumina - Mască Hidratantă Efect De Mătase | olivox.ro
sneplumina-ulei-de-argan-pt-netezirea-firelor	SNEPLUMINA - ULEI DE ARGAN PT. NETEZIREA FIRELOR	134.84	par	Sneplumina - Ulei De Argan Pt. Netezirea Firelor | olivox.ro
deolatte	DEOLATTE	55.34	corp	Deolatte — Corp | olivox.ro
gel-de-du	GEL DE DUȘ	87.52	corp	Gel De Duș — Corp | olivox.ro
sneplumina-box	SNEPLUMINA - BOX	293.96	par	Sneplumina - Box — Păr | olivox.ro
eyelift-30	EYELIFT 3.0	166.16	fata	Eyelift 3.0 — Față | olivox.ro
reinature-special-gift-box	Reinature - Special Gift Box	608.48	fata	Reinature - Special Gift Box — Față | olivox.ro
aloe-special-gift-box	Aloe - Special Gift Box	231.23	corp	Aloe - Special Gift Box — Corp | olivox.ro
snep-ice-special-gift-box	Snep Ice - Special Gift Box	292.13	par	Snep Ice - Special Gift Box — Păr | olivox.ro
belove-spun-intim	BELOVE - SĂPUN INTIM	55.39	corp	Belove - Săpun Intim — Corp | olivox.ro
vera-cream	VERA CREAM	93.74	corp	Vera Cream — Corp | olivox.ro
aloe-silver-spray	ALOE SILVER SPRAY	71.15	corp	Aloe Silver Spray — Corp | olivox.ro
fanfresh-past-de-dini	FANFRESH - PASTĂ DE DINŢI	42.18	corp	Fanfresh - Pastă De Dinţi — Corp | olivox.ro
fanpaste	FANPASTE	48.55	corp	Fanpaste — Corp | olivox.ro
orygen	ORYGEN	59.21	corp	Orygen — Corp | olivox.ro
periu-de-dini-din-bambus	PERIUȚĂ DE DINȚI DIN BAMBUS	24.28	corp	Periuță De Dinți Din Bambus — Corp | olivox.ro
kit-de-igien-bunal	KIT DE IGIENĂ BUNALĂ	149.99	corp	Kit De Igienă Bunală — Corp | olivox.ro
snep-ice-box	SNEP ICE - BOX	265.81	par	Snep Ice - Box — Păr | olivox.ro
reinature-box	Reinature Box	582.17	fata	Reinature Box — Față | olivox.ro
geant-suncare	GEANTĂ SUNCARE	199.9	protectie-solara	Geantă Suncare — Protecție Solară | olivox.ro
dream-vision	DREAM VISION	205.16	fata	Dream Vision — Față | olivox.ro
pochette-suncare	POCHETTE SUNCARE	78.91	protectie-solara	Pochette Suncare — Protecție Solară | olivox.ro
reinature-serum	REINATURE - SERUM	118.63	fata	Reinature - Serum — Față | olivox.ro
reinature-spray	REINATURE - SPRAY	64.72	fata	Reinature - Spray — Față | olivox.ro
reinature-cream	REINATURE - CREAM	151.01	fata	Reinature - Cream — Față | olivox.ro
reinature-stick	REINATURE - STICK	86.29	fata	Reinature - Stick — Față | olivox.ro
reinature-drop	REINATURE - DROP	151.01	fata	Reinature - Drop — Față | olivox.ro
nat-special-gift-box	NAT - SPECIAL GIFT BOX	346.44	fata	Nat - Special Gift Box — Față | olivox.ro
nat-box	NAT - BOX	311.66	fata	Nat - Box — Față | olivox.ro
nat-1-cleansing-balm	NAT 1 - CLEANSING BALM	106.49	fata	Nat 1 - Cleansing Balm — Față | olivox.ro
nat-2-pink-mousse	NAT 2 - PINK MOUSSE	89.45	fata	Nat 2 - Pink Mousse — Față | olivox.ro
nat-3-candy-scrub	NAT 3 - CANDY SCRUB	97.97	fata	Nat 3 - Candy Scrub — Față | olivox.ro
snep-ice-sampon-anti-galben	SNEP ICE - ȘAMPON ANTI-GALBEN	71.55	par	Snep Ice - Șampon Anti-galben — Păr | olivox.ro
snep-ice-masc-anti-galben	SNEP ICE - MASCĂ ANTI-GALBEN	80.07	par	Snep Ice - Mască Anti-galben — Păr | olivox.ro
snep-ice-balsam-leave-in-anti-frizz	SNEP ICE - BALSAM LEAVE-IN ANTI FRIZZ	114.19	par	Snep Ice - Balsam Leave-in Anti Frizz — Păr | olivox.ro
sneplumax-crema-de-fata	SNEPLUMAX - CREMA DE FATA	153.36	fata	Sneplumax - Crema De Fata — Față | olivox.ro
sneplumax-serum	SNEPLUMAX - SERUM	136.32	fata	Sneplumax - Serum — Față | olivox.ro
sneplumax-crema-de-ochi	SNEPLUMAX - CREMA DE OCHI	102.26	fata	Sneplumax - Crema De Ochi — Față | olivox.ro
sneplumax-special-gift-box	SNEPLUMAX - SPECIAL GIFT BOX	428.81	fata	Sneplumax - Special Gift Box — Față | olivox.ro
beauty-dream-body	BEAUTY DREAM BODY	124.62	corp	Beauty Dream Body — Corp | olivox.ro
beauty-dream-face	BEAUTY DREAM FACE	89.42	fata	Beauty Dream Face — Față | olivox.ro
spray-transparent-pentru-protectie-solara-spf-50	SPRAY TRANSPARENT PENTRU PROTECȚIE SOLARĂ SPF 50+	110.77	protectie-solara	Spray Transparent Pentru Protecție Solară Spf 50+
spray-transparent-pentru-protectie-solara-spf-25	SPRAY TRANSPARENT PENTRU PROTECȚIE SOLARĂ SPF 25	110.77	protectie-solara	Spray Transparent Pentru Protecție Solară Spf 25 | olivox.ro
crem-de-protecie-solar-pentru-fa-i-decolteu-spf-50	CREMĂ DE PROTECȚIE SOLARĂ PENTRU FAȚĂ ȘI DECOLTEU SPF 50 +	85.22	protectie-solara	Cremă De Protecție Solară Pentru Față Și Decolteu Spf 50 +
stick-transparent-pentru-zone-sensibile-fata-corp-spf-50	STICK TRANSPARENT PENTRU ZONE SENSIBILE - FAȚĂ-CORP SPF 50+	76.7	protectie-solara	Stick Transparent Pentru Zone Sensibile - Față-corp Spf 50+
tanning-pro-spray-activator-pentru-bronzare	TANNING PRO - SPRAY ACTIVATOR PENTRU BRONZARE	63.9	protectie-solara	Tanning Pro - Spray Activator Pentru Bronzare | olivox.ro
after-sun-crem-de-corp-dup-plaj-iluminatoare-hidratant	AFTER SUN - CREMĂ DE CORP DUPĂ PLAJĂ ILUMINATOARE HIDRATANTĂ	89.45	protectie-solara	After Sun - Cremă De Corp După Plajă Iluminatoare Hidratantă
bronze-prepare	BRONZE PREPARE	102.31	protectie-solara	Bronze Prepare — Protecție Solară | olivox.ro
deva	DEVA	124.03	par	Deva — Păr | olivox.ro
master	MASTER	80.38	corp	Master — Corp | olivox.ro
gel-de-dus-si-sampon-reparator-dupa-plaja	GEL DE DUȘ ȘI ȘAMPON REPARATOR DUPĂ PLAJĂ	68.19	par	Gel De Duș Și Șampon Reparator După Plajă — Păr | olivox.ro
masc-reparatoare-dup-plaj	MASCĂ REPARATOARE DUPĂ PLAJĂ	76.65	par	Mască Reparatoare După Plajă — Păr | olivox.ro
ulei-pentru-protectia-parului-impotriva-razelor-solare	ULEI PENTRU PROTECȚIA PĂRULUI ÎMPOTRIVA RAZELOR SOLARE	106.49	par	Ulei Pentru Protecția Părului Împotriva Razelor Solare
kit-suncare	KIT SUNCARE	890.46	protectie-solara	Kit Suncare — Protecție Solară | olivox.ro
sabana	SABANA	59.31	corp	Sabana — Corp | olivox.ro
elixir-30	ELIXIR 3.0	124.03	fata	Elixir 3.0 — Față | olivox.ro
aqua-30-spray	AQUA 3.0 SPRAY	64.72	fata	Aqua 3.0 Spray — Față | olivox.ro
hermes	HERMES	43.15	corp	Hermes — Corp | olivox.ro
vimana	VIMANA	45.85	corp	Vimana — Corp | olivox.ro
kit-mandorle-dolci-top-finger-muscolease-exvasi	KIT MANDORLE DOLCI - TOP FINGER - MUSCOLEASE - EXVASI	296.62	oil	Kit Mandorle Dolci - Top Finger - Muscolease - Exvasi
mandorle-dolci	MANDORLE DOLCI	80.89	oil	Mandorle Dolci — Oil | olivox.ro
top-finger	TOP FINGER	64.72	oil	Top Finger — Oil | olivox.ro
muscolease	MUSCOLEASE	86.29	oil	Muscolease — Oil | olivox.ro
exvasi	EXVASI	86.29	oil	Exvasi — Oil | olivox.ro
ser-pt-conturul-ochilor-i-buzelor	SER - Pt. CONTURUL OCHILOR ȘI BUZELOR	140.86	fata	Ser - Pt. Conturul Ochilor Și Buzelor — Față | olivox.ro
crema-de-fata-ageless-el-ea-cu-protectie-solara	CREMĂ DE FAȚĂ AGELESS EL/EA CU PROTECȚIE SOLARĂ	167.94	fata	Cremă De Față Ageless El/ea Cu Protecție Solară | olivox.ro
crem-gel-aftershave-cu-efect-de-calmare	CREMĂ-GEL AFTERSHAVE CU EFECT DE CALMARE	108.38	fata	Cremă-gel Aftershave Cu Efect De Calmare — Față | olivox.ro
crem-de-corp-hidratant	CREMĂ DE CORP - HIDRATANTĂ	92.16	corp	Cremă De Corp - Hidratantă — Corp | olivox.ro
crem-anticelulitic-adipozitate	CREMĂ ANTICELULITICĂ (ADIPOZITATE)	157.13	corp	Cremă Anticelulitică (adipozitate) — Corp | olivox.ro
scrub-corp-pentru-netezire	SCRUB CORP PENTRU NETEZIRE	102.97	corp	Scrub Corp Pentru Netezire — Corp | olivox.ro
gel-aloe	GEL ALOE	65.03	corp	Gel Aloe — Corp | olivox.ro
deoacqua	DEOACQUA	59.62	corp	Deoacqua — Corp | olivox.ro
gel-de-du-reductor-250ml	GEL DE DUȘ REDUCĂTOR 250ml	59.62	corp	Gel De Duș Reducător 250ml — Corp | olivox.ro
balsam-de-pr-restructurant	BALSAM DE PĂR - RESTRUCTURANT	65.03	par	Balsam De Păr - Restructurant — Păr | olivox.ro
lotiune-impotriva-caderii-parului	LOȚIUNE ÎMPOTRIVA CĂDERII PĂRULUI	151.73	par	Loțiune Împotriva Căderii Părului — Păr | olivox.ro
crem-pentru-fa-de-zi-biostimulatoare	CREMĂ PENTRU FAȚĂ DE ZI BIOSTIMULATOARE	254.64	fata	Cremă Pentru Față De Zi Biostimulatoare — Față | olivox.ro
crem-de-noapte-pentru-fa-anti-age	CREMĂ DE NOAPTE PENTRU FAȚĂ ANTI-AGE	270.96	fata	Cremă De Noapte Pentru Față Anti-age — Față | olivox.ro
ser-anti-imbatranire-fata-si-d-collet	SER ANTI ÎMBĂTRÂNIRE - FAȚĂ ȘI DÉCOLLETÉ	287.18	fata	Ser Anti Îmbătrânire - Față Și Décolleté — Față | olivox.ro
lapte-demachiant-ph-neutr-cleansing-milk	LAPTE DEMACHIANT PH NEUTR - CLEANSING MILK	97.51	fata	Lapte Demachiant Ph Neutr - Cleansing Milk | olivox.ro
gold-mask-masc-de-aur-peel-off	GOLD MASK - MASCĂ DE AUR PEEL OFF	107.87	fata	Gold Mask - Mască De Aur Peel Off — Față | olivox.ro
cover-5k-n-1	COVER 5K N.1	62.02	makeup	Cover 5k N.1 — Makeup | olivox.ro
get-ready	GET READY	26.3	makeup	Get Ready — Makeup | olivox.ro
eye-pencil-n07-raisin-brown	EYE PENCIL - N.07 - Raisin Brown	48.55	makeup	Eye Pencil - N.07 - Raisin Brown — Makeup | olivox.ro
pro-dual-foundation-n-1-desert-sand	PRO-DUAL FOUNDATION N.1 - Desert Sand	82.52	makeup	Pro-dual Foundation N.1 - Desert Sand — Makeup | olivox.ro
pearl-shadow-n-1-blast-off-bronze	PEARL SHADOW N.1 - Blast-Off Bronze	45.85	makeup	Pearl Shadow N.1 - Blast-off Bronze — Makeup | olivox.ro
matt-shadow-n-1-coal	MATT SHADOW N.1 - Coal	40.44	makeup	Matt Shadow N.1 - Coal — Makeup | olivox.ro
matt-lip-n-1-electric-brown	MATT LIP N.1 - Electric Brown	64.72	makeup	Matt Lip N.1 - Electric Brown — Makeup | olivox.ro
mascara-water-proof	MASCARA WATER PROOF	80.89	makeup	Mascara Water Proof — Makeup | olivox.ro
extreme-lip-waterproof-n-1-shiny-pink	EXTREME LIP WATERPROOF N.1 - Shiny Pink	78.18	makeup	Extreme Lip Waterproof N.1 - Shiny Pink — Makeup | olivox.ro
volum-natural-mascara	VOLUM NATURAL MASCARA	78.18	makeup	Volum Natural Mascara — Makeup | olivox.ro
hd-shadow-n-1-timberwolf	HD SHADOW N.1 - Timberwolf	78.18	makeup	Hd Shadow N.1 - Timberwolf — Makeup | olivox.ro
eye-liner	EYE LINER	64.72	makeup	Eye Liner — Makeup | olivox.ro
lip-pencil-n01-garnet	LIP PENCIL N.01 - Garnet	48.55	makeup	Lip Pencil N.01 - Garnet — Makeup | olivox.ro
eyebrow-pencil-n08-quincy	EYEBROW PENCIL N.08 - Quincy	48.55	makeup	Eyebrow Pencil N.08 - Quincy — Makeup | olivox.ro
fluid-hd-n-1-light-taupe	FLUID HD N.1 - Light Taupe	113.27	makeup	Fluid Hd N.1 - Light Taupe — Makeup | olivox.ro
shimmer	SHIMMER	59.31	makeup	Shimmer — Makeup | olivox.ro
natural-silicon-primer	NATURAL SILICON PRIMER	121.33	makeup	Natural Silicon Primer — Makeup | olivox.ro
glow-primer-light-rose-silver	GLOW PRIMER - Light Rose Silver	115.97	makeup	Glow Primer - Light Rose Silver — Makeup | olivox.ro
lip-fixer-gloss-transparent	LIP FIXER GLOSS - TRANSPARENT	53.91	makeup	Lip Fixer Gloss - Transparent — Makeup | olivox.ro
101-inspirat-de-notele-lui-aventus	101 - INSPIRAT DE NOTELE LUI AVENTUS	130.04	parfumuri-inspirate	101 - Inspirat De Notele Lui Aventus | olivox.ro
201-inspirat-de-notele-lui-alien	201 - INSPIRAT DE NOTELE LUI ALIEN	130.04	parfumuri-inspirate	201 - Inspirat De Notele Lui Alien | olivox.ro
incalzitor-de-gat-easeline-m	ÎNCĂLZITOR DE GÂT EaseLine - M	111.64	bio-molecule	Încălzitor De Gât Easeline - M — Bio Molecule | olivox.ro
earfa-de-easeline	EȘARFA DE EASELINE	232.56	bio-molecule	Eșarfa De Easeline — Bio Molecule | olivox.ro
pants-easeline-brbat-m	PANTS EASELINE BĂRBAT M	195.38	bio-molecule	Pants Easeline Bărbat M — Bio Molecule | olivox.ro
pants-easeline-femeie-s	PANTS EASELINE FEMEIE - S	167.43	bio-molecule	Pants Easeline Femeie - S — Bio Molecule | olivox.ro
tricou-brbai-easeline-m	TRICOU BĂRBAȚI EASELINE - M	213.95	bio-molecule	Tricou Bărbați Easeline - M — Bio Molecule | olivox.ro
leggings-easeline-xs	LEGGINGS EASELINE - XS	213.95	bio-molecule	Leggings Easeline - Xs — Bio Molecule | olivox.ro
filtrare-prin-osmoz-invers-hydropurareg-5-year-warranty	Filtrare prin osmoză inversă - HYDROPURA®- 5 YEAR WARRANTY	14087.07	hydropura	Filtrare Prin Osmoză Inversă - Hydropura®- 5 Year Warranty
contor-de-hidrogen	contor de hidrogen	78.91	hydropura	Contor De Hidrogen — Hydropura | olivox.ro
filtrare-prin-osmoz-invers-hydropurareg	Filtrare prin osmoză inversă - HYDROPURA®	13151.32	hydropura	Filtrare Prin Osmoză Inversă - Hydropura® | olivox.ro
filtru-de-inlocuire-hydropura	Filtru de înlocuire - HYDROPURA®	343.95	hydropura	Filtru De Înlocuire - Hydropura® — Hydropura | olivox.ro
sticl-de-sticl-hydropurareg	STICLĂ DE STICLĂ - HYDROPURA®	21.03	hydropura	Sticlă De Sticlă - Hydropura® — Hydropura | olivox.ro
sticla-hydropura	STICLĂ - HYDROPURA®	21.03	hydropura	Sticlă - Hydropura® — Hydropura | olivox.ro
kit-hydropurareg	KIT HYDROPURA®	210.33	hydropura	Kit Hydropura® — Hydropura | olivox.ro
bioeffective-home	BIOeffective HOME	138.26	bio-effective	Bioeffective Home — Bio Effective | olivox.ro
bioeffective-garden	BIOeffective GARDEN	137.9	bio-effective	Bioeffective Garden — Bio Effective | olivox.ro
bioeffective-compost	BIOeffective COMPOST	134.08	bio-effective	Bioeffective Compost — Bio Effective | olivox.ro
bioeffective-pulverizator	BIOEFFECTIVE PULVERIZATOR	37.35	bio-effective	Bioeffective Pulverizator — Bio Effective | olivox.ro
pulverizator-bioeffective-5-buc	PULVERIZATOR BIOEFFECTIVE 5 BUC	131.53	bio-effective	Pulverizator Bioeffective 5 Buc — Bio Effective | olivox.ro
limonaia-dei-medici-3-lt	LIMONAIA DEI MEDICI 3 Lt	1492.06	parfum-de-camera	Limonaia Dei Medici 3 Lt — Parfum De Cameră | olivox.ro
beisoare-din-bambus-odorizant-camer-250ml	BEȚISOARE DIN BAMBUS - ODORIZANT CAMERĂ 250ml	10.1	parfum-de-camera	Bețisoare Din Bambus - Odorizant Cameră 250ml | olivox.ro
catalog-general-a5-ita-2025	CATALOG GENERAL A5 - ITA 2025	13.48	promotii-si-kit-uri	Catalog General A5 - Ita 2025 | olivox.ro
agitator-mare-cu-praf-i-suport-pentru-capsule	Agitator mare cu praf și suport pentru capsule	42.08	promotii-si-kit-uri	Agitator Mare Cu Praf Și Suport Pentru Capsule | olivox.ro
snep-slimfit-pentru-femei-t-thirt-s	Snep slimfit pentru femei t-thirt S	78.91	promotii-si-kit-uri	Snep Slimfit Pentru Femei T-thirt S | olivox.ro
snep-slimfit-brbai-t-thirt-s	Snep slimfit bărbați t -thirt S	78.91	promotii-si-kit-uri	Snep Slimfit Bărbați T -thirt S | olivox.ro
cciul-de-iarn-neagr	Căciulă de iarnă neagră	52.6	promotii-si-kit-uri	Căciulă De Iarnă Neagră — Promoții Și Kit-uri | olivox.ro
cciul-de-iarn-neagr-cu-pompon	Căciulă de iarnă neagră cu pompon	52.6	promotii-si-kit-uri	Căciulă De Iarnă Neagră Cu Pompon | olivox.ro
kit-cadou-snep	KIT CADOU SNEP	78.91	promotii-si-kit-uri	Kit Cadou Snep — Promoții Și Kit-uri | olivox.ro
cciul-de-iarn-roie	Căciulă de iarnă roșie	52.6	promotii-si-kit-uri	Căciulă De Iarnă Roșie — Promoții Și Kit-uri | olivox.ro
fular-snep	Fular Snep	99.95	promotii-si-kit-uri	Fular Snep — Promoții Și Kit-uri | olivox.ro
tricou-snep-brbai-negru-s	TRICOU SNEP - BĂRBAȚI - NEGRU S	78.91	promotii-si-kit-uri	Tricou Snep - Bărbați - Negru S | olivox.ro
tricou-snep-brbai-rou-s	TRICOU SNEP - BĂRBAȚI - ROȘU S	78.91	promotii-si-kit-uri	Tricou Snep - Bărbați - Roșu S | olivox.ro
husa-pentru-tableta	HUSA PENTRU TABLETA	94.69	promotii-si-kit-uri	Husa Pentru Tableta — Promoții Și Kit-uri | olivox.ro
snep-agenda	SNEP AGENDA	53.93	promotii-si-kit-uri	Snep Agenda — Promoții Și Kit-uri | olivox.ro
catalog-general-a5-eng-2025	Catalog general A5 - Eng 2025	13.48	promotii-si-kit-uri	Catalog General A5 - Eng 2025 | olivox.ro
termos-snep-sport11	Termos Snep Sport11	26.96	promotii-si-kit-uri	Termos Snep Sport11 — Promoții Și Kit-uri | olivox.ro
catalog-general-a5-rou-2025	CATALOG GENERAL A5 - ROU 2025	13.48	promotii-si-kit-uri	Catalog General A5 - Rou 2025 | olivox.ro
termos-snep	Termos Snep	52.08	promotii-si-kit-uri	Termos Snep — Promoții Și Kit-uri | olivox.ro
catalog-de-produse-a5-fra-2025	CATALOG DE PRODUSE A5 - FRA 2025	13.48	promotii-si-kit-uri	Catalog De Produse A5 - Fra 2025 | olivox.ro
jacheta-snep-man-xxl	JACHETA SNEP MAN XXL	323.59	promotii-si-kit-uri	Jacheta Snep Man Xxl — Promoții Și Kit-uri | olivox.ro
geant-frigorific-suncare	GEANTĂ FRIGORIFICĂ - SUNCARE	38.35	promotii-si-kit-uri	Geantă Frigorifică - Suncare | olivox.ro
cup-snep	CUPĂ SNEP	42.08	promotii-si-kit-uri	Cupă Snep — Promoții Și Kit-uri | olivox.ro
snepcard-biglietti-da-visita-digitali	SnepCard	289.32	promotii-si-kit-uri	Snepcard — Promoții Și Kit-uri | olivox.ro
catalog-general-a5-esp-2024-x3	CATALOG GENERAL A5 - ESP 2024 X3	26.32	promotii-si-kit-uri	Catalog General A5 - Esp 2024 X3 | olivox.ro
shaker	SHAKER	26.3	promotii-si-kit-uri	Shaker — Promoții Și Kit-uri | olivox.ro
catalog-general-a5-esp-2024	CATALOG GENERAL A5 - ESP 2024	13.48	promotii-si-kit-uri	Catalog General A5 - Esp 2024 | olivox.ro
medium-empty-gift-box	Medium Empty Gift Box	26.3	promotii-si-kit-uri	Medium Empty Gift Box — Promoții Și Kit-uri | olivox.ro
catalog-general-a5-x10-ita-2025	CATALOG GENERAL A5 X10 - ITA 2025	107.87	promotii-si-kit-uri	Catalog General A5 X10 - Ita 2025 | olivox.ro
rezervati-costa-atat-costa-esp	REZERVAȚI COSTĂ ATÂT COSTĂ ESP	64.72	promotii-si-kit-uri	Rezervați Costă Atât Costă Esp | olivox.ro
rezervati-costa-atat-costa-rou	REZERVAȚI COSTĂ ATÂT COSTĂ ROU	64.72	promotii-si-kit-uri	Rezervați Costă Atât Costă Rou | olivox.ro
rezervati-costa-atat-costa-ita	REZERVAȚI COSTĂ ATÂT COSTĂ ITA	64.72	promotii-si-kit-uri	Rezervați Costă Atât Costă Ita | olivox.ro
rezervati-costa-atat-costa-eng	REZERVAȚI COSTĂ ATÂT COSTĂ ENG	64.72	promotii-si-kit-uri	Rezervați Costă Atât Costă Eng | olivox.ro
abibilduri-snep-ndash-mici-roii-7-buc	ABȚIBILDURI SNEP – MICI ROȘII 7 buc.	26.3	promotii-si-kit-uri	Abțibilduri Snep – Mici Roșii 7 Buc. | olivox.ro
abibilduri-snep-medii-roii-7-buc	ABȚIBILDURI SNEP - MEDII - ROȘII 7 BUC.	36.84	promotii-si-kit-uri	Abțibilduri Snep - Medii - Roșii 7 Buc. | olivox.ro
kit-saptamanal-de-cocos	KIT SĂPTĂMÂNAL DE COCOS	165.39	promotii-si-kit-uri	Kit Săptămânal De Cocos — Promoții Și Kit-uri | olivox.ro
weekly-kit-cacao	WEEKLY KIT CACAO	165.39	promotii-si-kit-uri	Weekly Kit Cacao — Promoții Și Kit-uri | olivox.ro
pixuri-snep	PIXURI SNEP	47.34	promotii-si-kit-uri	Pixuri Snep — Promoții Și Kit-uri | olivox.ro
brri-snep-costiquellochecosti-cu-diverse-culori	BRĂȚĂRI SNEP COSTIQUELLOCHECOSTI CU DIVERSE CULORI	26.3	promotii-si-kit-uri	Brățări Snep Costiquellochecosti Cu Diverse Culori
grande-capsule-door	Grande Capsule Door	31.56	promotii-si-kit-uri	Grande Capsule Door — Promoții Și Kit-uri | olivox.ro
mare-shaker	MARE SHAKER	42.08	promotii-si-kit-uri	Mare Shaker — Promoții Și Kit-uri | olivox.ro
the-leader-book	The Leader Book	64.18	promotii-si-kit-uri	The Leader Book — Promoții Și Kit-uri | olivox.ro
plac-de-silicon-pentru-valiz	PLACĂ DE SILICON PENTRU VALIZĂ	26.3	promotii-si-kit-uri	Placă De Silicon Pentru Valiză | olivox.ro
batoane-cu-gust-de-alune-de-padure-si-ciocolata-promo-3x	BATOANE CU GUST DE ALUNE DE PADURE ȘI CIOCOLATA PROMO 3X	379.54	controlul-greutatii	Batoane cu Gust de Alune de Padure și Ciocolata Promo 3x | olivox.ro
batoane-cu-gust-de-cocos-si-ciocolata-promo-3x	BATOANE CU GUST DE COCOS SI CIOCOLATĂ PROMO 3X	379.54	controlul-greutatii	Batoane cu Gust de Cocos si Ciocolată Promo 3x | olivox.ro
batoane-cu-gust-de-banana-si-ciocolata-promo-3x	BATOANE CU GUST DE BANANĂ ȘI CIOCOLATĂ PROMO 3X	379.54	controlul-greutatii	Batoane cu Gust de Banană și Ciocolată Promo 3x | olivox.ro
batoane-cu-gust-de-crema-si-biscuite-promo-3x	BATOANE CU GUST DE CREMĂ ȘI BISCUITE PROMO 3X	379.54	controlul-greutatii	Batoane cu Gust de Cremă și Biscuite Promo 3x | olivox.ro
cell-up-leggins	CELL-UP LEGGINS	116.84	fata	Cell-up Leggins — Fata | olivox.ro
cell-up-leggins-refill-x3	CELL-UP LEGGINS REFILL X3	217.57	fata	Cell-up Leggins Refill x3 — Fata | olivox.ro
colline-senesi-500ml	COLLINE SENESI 500ml	295.24	parfum-de-camera	Colline Senesi 500ml — Parfum de Camera | olivox.ro
crema-de-noapte-pentru-fata-anti-age-refill	CREMĂ DE NOAPTE PENTRU FAȚĂ ANTI-AGE - REFILL	157.13	fata	Cremă de Noapte Pentru Față Anti-age - Refill — Fata | olivox.ro
crema-de-tonifiere	CREMĂ DE TONIFIERE	193.39	fata	Cremă de Tonifiere — Fata | olivox.ro
crema-pentru-fata-de-zi-biostimulatoare-refill	CREMĂ PENTRU FAȚĂ DE ZI BIOSTIMULATOARE - REFILL	141.02	fata	Cremă Pentru Față de zi Biostimulatoare - Refill — Fata | olivox.ro
detox-zkit-vegan-cacao-vanilie	DETOX - ZKIT VEGAN CACAO + VANILIE	1111.7	programe	Detox - Zkit Vegan Cacao + Vanilie — Programe | olivox.ro
detox-zkit-fara-zahar-vanilie-vegan-cocos	DETOX ZKIT FĂRĂ ZAHĂR VANILIE + VEGAN COCOS	1114.66	programe	Detox Zkit Fără Zahăr Vanilie + Vegan Cocos — Programe | olivox.ro
dream-beauty-pro	DREAM BEAUTY PRO	866.95	fata	Dream Beauty Pro — Fata | olivox.ro
estate-al-forte-500ml	ESTATE AL FORTE 500ml	295.24	parfum-de-camera	Estate al Forte 500ml — Parfum de Camera | olivox.ro
evantai-costiquellochecosti	EVANTAI COSTIQUELLOCHECOSTI	50.57	promotii-si-kit-uri	Evantai Costiquellochecosti — Promotii si kituri | olivox.ro
fiesole-500ml	FIESOLE 500ml	295.24	parfum-de-camera	Fiesole 500ml — Parfum de Camera | olivox.ro
fit9-base	FIT9 - BASE	574.77	programe	Fit9 - Base — Programe | olivox.ro
fit9-complete	FIT9 - COMPLETE	685.95	programe	Fit9 - Complete — Programe | olivox.ro
genunchiera-easeline-l	GENUNCHIERĂ EASELINE - L	93.02	bio-molecule	Genunchieră Easeline - l — Bio Molecule | olivox.ro
genunchiera-easeline-xxl	GENUNCHIERĂ EASELINE - XXL	93.02	bio-molecule	Genunchieră Easeline - Xxl — Bio Molecule | olivox.ro
giardino-di-boboli-500ml	GIARDINO DI BOBOLI 500ml	295.24	parfum-de-camera	Giardino di Boboli 500ml — Parfum de Camera | olivox.ro
hydropura-office	HydroPura OFFICE	16186.22	hydropura	Hydropura Office — Hydropura | olivox.ro
incalzitor-de-gat-easeline-l	ÎNCĂLZITOR DE GÂT EaseLine - L	111.64	bio-molecule	Încălzitor de Gât Easeline - l — Bio Molecule | olivox.ro
kit-ready-for-summer	KIT READY FOR SUMMER	421.82	fata	Kit Ready For Summer — Fata | olivox.ro
kit-ready-for-summer-light	KIT READY FOR SUMMER LIGHT	294.02	fata	Kit Ready For Summer Light — Fata | olivox.ro
leggings-easeline-m	LEGGINGS EASELINE - M	213.95	bio-molecule	Leggings Easeline - m — Bio Molecule | olivox.ro
leggings-easeline-xl	LEGGINGS EASELINE - XL	213.95	bio-molecule	Leggings Easeline - xl — Bio Molecule | olivox.ro
maiou-femeie-easeline-m	MAIOU FEMEIE EASELINE - M	204.66	bio-molecule	Maiou Femeie Easeline - m — Bio Molecule | olivox.ro
ochelari-de-soare-albi	OCHELARI DE SOARE ALBI	25.27	promotii-si-kit-uri	Ochelari de Soare Albi — Promotii si kituri | olivox.ro
ochelari-de-soare-rosii	OCHELARI DE SOARE ROȘII	25.27	promotii-si-kit-uri	Ochelari de Soare Roșii — Promotii si kituri | olivox.ro
pants-easeline-barbat-l	PANTS EASELINE BĂRBAT L	195.38	bio-molecule	Pants Easeline Bărbat l — Bio Molecule | olivox.ro
pants-easeline-femeie-m	PANTS EASELINE FEMEIE - M	167.43	bio-molecule	Pants Easeline Femeie - m — Bio Molecule | olivox.ro
pearl-shadow-n-6-granite-gray	PEARL SHADOW N.6 - Granite Gray	45.85	makeup	Pearl Shadow N.6 - Granite Gray — Makeup | olivox.ro
porto-azzurro-500ml	PORTO AZZURRO 500ml	295.24	parfum-de-camera	Porto Azzurro 500ml — Parfum de Camera | olivox.ro
prato-fiorito-500ml	PRATO FIORITO 500ml	295.24	parfum-de-camera	Prato Fiorito 500ml — Parfum de Camera | olivox.ro
reishi-200-capsule	REISHI 200 CAPSULE	347.31	nevoi-specifice	Reishi 200 Capsule — Nevoi specifice | olivox.ro
sac-rucsac-alb	SAC RUCSAC ALB	75.87	promotii-si-kit-uri	Sac Rucsac Alb — Promotii si kituri | olivox.ro
ser-anti-imbatranire-fata-si-decollete-refill	SER ANTI ÎMBĂTRÂNIRE - FAȚĂ ȘI DÉCOLLETÉ - REFILL	181.31	fata	Ser Anti Îmbătrânire - Față și Décolleté - Refill — Fata | olivox.ro
silhouette-draining-system	SILHOUETTE DRAINING SYSTEM	510.15	fata	Silhouette Draining System — Fata | olivox.ro
snep-autocolante-medium-blacks-7pcs	SNEP Autocolante - Medium - Blacks 7pcs	36.84	promotii-si-kit-uri	Snep Autocolante - Medium - Blacks 7pcs | olivox.ro
snep-autocolante-mici-blacks-7pcs	SNEP Autocolante - mici - Blacks 7pcs	26.3	promotii-si-kit-uri	Snep Autocolante - Mici - Blacks 7pcs — Promotii si kituri | olivox.ro
sticla-rosie	STICLA ROSIE	40.79	promotii-si-kit-uri	Sticla Rosie — Promotii si kituri | olivox.ro
tricou-barbati-easeline-l	TRICOU BĂRBAȚI EASELINE - L	213.95	bio-molecule	Tricou Bărbați Easeline - l — Bio Molecule | olivox.ro
tricou-barbati-easeline-xl	TRICOU BĂRBAȚI EASELINE - XL	213.95	bio-molecule	Tricou Bărbați Easeline - xl — Bio Molecule | olivox.ro
tricou-snep-femei-negru-s	TRICOU SNEP - FEMEI - NEGRU S	78.91	promotii-si-kit-uri	Tricou Snep - Femei - Negru s — Promotii si kituri | olivox.ro
tricou-snep-femeie-rosie-s	TRICOU SNEP - FEMEIE - ROȘIE S	78.91	promotii-si-kit-uri	Tricou Snep - Femeie - Roșie s — Promotii si kituri | olivox.ro
vegan-protein-mix	VEGAN PROTEIN MIX	275.45	nevoi-specifice	Vegan Protein Mix — Nevoi specifice | olivox.ro